{"search time": 1.470942552550818e-05, "build time": 11.544232845306396, "store size": 41449915, "type": "BTree", "average error": 0.0}