{"search time": 1.1872533783988668e-05, "build time": 1.613616943359375, "store size": 6742687, "type": "BTree", "average error": 0.0}