{"search time": 1.5049998342641949e-05, "build time": 19.50136113166809, "store size": 69343787, "type": "BTree", "average error": 2.000004000008e-05}