{"search time": 1.6563871735075347e-05, "build time": 41.06063795089722, "store size": 137498303, "type": "BTree", "average error": 0.0}