{"search time": 1.2610056139013539e-05, "build time": 3.3831939697265625, "store size": 13526292, "type": "BTree", "average error": 0.0}