{"search time": 1.559045371797142e-05, "build time": 66.61852717399597, "store size": 138970139, "type": "BTree", "average error": 2.2000022000022e-05}