{"search time": 1.0258627600736148e-05, "build time": 0.2462918758392334, "store size": 1312218, "type": "BTree", "average error": 0.0}