{"search time": 1.1849096768922683e-05, "build time": 1.5439119338989258, "store size": 6573891, "type": "BTree", "average error": 0.0}