{"search time": 1.3994099948649116e-05, "build time": 17.94133687019348, "store size": 68248564, "type": "BTree", "average error": 0.0}