{"search time": 1.7601929553700546e-05, "build time": 44.502875089645386, "store size": 111143804, "type": "BTree", "average error": 2.000002500003125e-05}