{"search time": 1.4540801938934247e-05, "build time": 30.09456992149353, "store size": 109798338, "type": "BTree", "average error": 0.0}