{"search time": 1.0557198524475097e-05, "build time": 0.24048805236816406, "store size": 1274127, "type": "BTree", "average error": 0.0}