{"search time": 1.2641069889068604e-05, "build time": 3.162688970565796, "store size": 13248964, "type": "BTree", "average error": 0.0}