{"search time": 1.4873028993606567e-05, "build time": 36.604912996292114, "store size": 137498288, "type": "BTree", "average error": 0.0}