{"search time": 1.0484361042915814e-05, "build time": 0.2337489128112793, "store size": 1273931, "type": "BTree", "average error": 0.0}