{"search time": 1.2352871445889752e-05, "build time": 3.3477299213409424, "store size": 13248600, "type": "BTree", "average error": 0.0}