{"search time": 1.369629700978597e-05, "build time": 10.382591962814331, "store size": 40748621, "type": "BTree", "average error": 0.0}