{"search time": 1.36645770072937e-05, "build time": 10.239573001861572, "store size": 40748392, "type": "BTree", "average error": 0.0}