{"search time": 1.364842911216483e-05, "build time": 10.83423113822937, "store size": 40748170, "type": "BTree", "average error": 0.0}