{"search time": 1.2070040702819824e-05, "build time": 1.4922280311584473, "store size": 6573926, "type": "BTree", "average error": 0.0}