{"search time": 1.4118539810180663e-05, "build time": 17.573920011520386, "store size": 68248896, "type": "BTree", "average error": 0.0}