{"search time": 1.4690204858779906e-05, "build time": 29.481734037399292, "store size": 109798647, "type": "BTree", "average error": 0.0}