{"search time": 3.4214401245117184e-05, "build time": 2.3962819576263428, "store size": 223, "type": "NN", "average error": 0.1498}