{"search time": 0.0005518064828977915, "build time": 398.07213592529297, "store size": 8165, "type": "NN", "average error": 0.332002332002332}