{"search time": 0.0004890703113307073, "build time": 33.07702612876892, "store size": 857, "type": "NN", "average error": 0.35095350953509535}