{"search time": 3.640959024429321e-05, "build time": 8.003544092178345, "store size": 879, "type": "NN", "average error": 0.37181}