{"search time": 0.000472751280369431, "build time": 3.050251007080078, "store size": 223, "type": "NN", "average error": 0.3951395139513951}