{"search time": 3.4929826021194455e-05, "build time": 178.89061403274536, "store size": 8363, "type": "NN", "average error": 0.328863}