{"search time": 0.0005033698878974392, "build time": 105.75585007667542, "store size": 2489, "type": "NN", "average error": 0.3435011450038167}