{"search time": 3.465696652730306e-05, "build time": 29.291867971420288, "store size": 2540, "type": "NN", "average error": 0.30552666666666667}