{
    "search time": 5.8277740478515626e-05,
    "build time": 12.79187297821045,
    "store size": 391,
    "type": "NN",
    "average error": 2.60305
}