{"search time": 0.000544073986535882, "build time": 213.71304512023926, "store size": 4104, "type": "NN", "average error": 0.40248880497760997}