{"search time": 3.685551357269287e-05, "build time": 60.71502208709717, "store size": 4209, "type": "NN", "average error": 0.408486}