{"search time": 3.4444198608398436e-05, "build time": 4.323016166687012, "store size": 546, "type": "NN", "average error": 0.42242}