{
    "search time": 5.0968880653381345e-05,
    "build time": 18.10932993888855,
    "store size": 550,
    "type": "NN",
    "average error": 2.47959
}