{
    "search time": 4.266535997390747e-05,
    "build time": 25.123482942581177,
    "store size": 718,
    "type": "NN",
    "average error": 1.33967
}