{"search time": 3.541554123163223e-05, "build time": 123.21160793304443, "store size": 6692, "type": "NN", "average error": 0.3480925}