{"search time": 0.0005204771432397854, "build time": 302.5321400165558, "store size": 6529, "type": "NN", "average error": 0.3518054397567997}