{"search time": 7.251835346221924e-05, "build time": 28.231257915496826, "store size": 2628751, "type": "NN", "average error": 8.18117}