{"search time": 0.0006563959264755249, "build time": 45.94243097305298, "store size": 1849679, "type": "NN", "average error": 37.236025722563774}