{"search time": 0.0017278829232851664, "build time": 160.7899842262268, "store size": 1612698, "type": "NN", "average error": 36.449086666666666}