{"search time": 7.883632024129232e-05, "build time": 66.50079917907715, "store size": 1507768, "type": "NN", "average error": 35.79053}