{"search time": 8.396679957707723e-05, "build time": 59.37953305244446, "store size": 1433981, "type": "NN", "average error": 36.91069}