{"search time": 0.0007931539599100748, "build time": 134.05575799942017, "store size": 2329154, "type": "NN", "average error": 16.57564}