{"search time": 7.268292665481567e-05, "build time": 114.64142680168152, "store size": 1298863, "type": "NN", "average error": 27.570166666666665}