{"search time": 7.775486707687378e-05, "build time": 103.27541494369507, "store size": 1929685, "type": "NN", "average error": 22.419763333333332}