{"search time": 4.792224645614624e-05, "build time": 142.93676495552063, "store size": 5067109, "type": "NN", "average error": 16.161653333333334}