{"search time": 4.7127842903137206e-05, "build time": 138.20555806159973, "store size": 5950788, "type": "NN", "average error": 14.161143333333333}