{"search time": 4.7966187000274655e-05, "build time": 160.01438212394714, "store size": 4445285, "type": "NN", "average error": 14.60367}