{"search time": 5.9177070458730063e-05, "build time": 181.17645716667175, "store size": 2676847, "type": "NN", "average error": 14.6838}