{"search time": 0.0007870529270172119, "build time": 157.04834699630737, "store size": 2911948, "type": "NN", "average error": 9.371613333333332}