{"search time": 5.9029170672098795e-05, "build time": 180.36551308631897, "store size": 2693019, "type": "NN", "average error": 14.459483333333333}