{"search time": 4.947556734085083e-05, "build time": 226.20132994651794, "store size": 2786317, "type": "NN", "average error": 12.737963333333333}