{"search time": 4.995259046554565e-05, "build time": 229.609934091568, "store size": 2949784, "type": "NN", "average error": 12.4777}