{"search time": 0.0007851758527755737, "build time": 188.9797351360321, "store size": 3379141, "type": "NN", "average error": 7.9054633333333335}