{"search time": 0.000880192701291029, "build time": 1353.4332509040833, "store size": 18421859, "type": "NN", "average error": 11.216884216884218}