{"search time": 0.00048445635871668117, "build time": 151.3049340248108, "store size": 17437208, "type": "NN", "average error": 4.237097456991523}