{"search time": 0.0005260332600323709, "build time": 253.80841207504272, "store size": 18737381, "type": "NN", "average error": 6.512169024338049}