{"search time": 0.0007423939748430687, "build time": 230.38990998268127, "store size": 3859520, "type": "NN", "average error": 11.656536565365654}