{"search time": 4.933762073516846e-05, "build time": 73.3870918750763, "store size": 1276395, "type": "NN", "average error": 12.84619}