{"search time": 5.036736607551575e-05, "build time": 702.3118600845337, "store size": 8938584, "type": "NN", "average error": 13.112474}