{"search time": 6.633410453796386e-05, "build time": 21.09248113632202, "store size": 1507, "type": "NN", "average error": 17.2526}