{
    "search time": 7.160483360290528e-05,
    "build time": 115.78716111183167,
    "store size": 5686403,
    "type": "NN",
    "average error": 14.875783333333333
}