{
    "search time": 5.8741413752237955e-05,
    "build time": 169.18565607070923,
    "store size": 4163256,
    "type": "NN",
    "average error": 13.372126666666666
}