{"search time": 4.897680679957072e-05, "build time": 191.64436101913452, "store size": 3011844, "type": "NN", "average error": 12.882806666666667}