{"search time": 5.119379997253418e-05, "build time": 324.3674478530884, "store size": 5507100, "type": "NN", "average error": 11.964436}