{"search time": 4.7908339500427245e-05, "build time": 43.80352210998535, "store size": 812041, "type": "NN", "average error": 11.47428}