{"search time": 0.0007280889598199679, "build time": 121.63194417953491, "store size": 2586505, "type": "NN", "average error": 10.288925778515571}