{"search time": 5.143592894077301e-05, "build time": 534.9066619873047, "store size": 12026587, "type": "NN", "average error": 9.62251}