{
    "search time": 6.977638006210327e-05,
    "build time": 64.43946480751038,
    "store size": 6735212,
    "type": "NN",
    "average error": 14.361883333333333
}