{"search time": 0.0008825536655991038, "build time": 25.56798005104065, "store size": 1315, "type": "NN", "average error": 16.868486848684867}