{"search time": 0.0004817774377872201, "build time": 16.23335886001587, "store size": 538, "type": "NN", "average error": 0.27830556611132223}