{"search time": 0.0007875657705337589, "build time": 558.0123438835144, "store size": 17553623, "type": "NN", "average error": 10.327472909341136}