{"search time": 1.0539913177490234e-05, "build time": 0.2544398307800293, "store size": 1312288, "type": "BTree", "average error": 0.0}