{"search time": 1.2539680004119873e-05, "build time": 3.2455270290374756, "store size": 13527098, "type": "BTree", "average error": 1e-05}