{"search time": 1.4940583944320679e-05, "build time": 37.442079067230225, "store size": 138953208, "type": "BTree", "average error": 2.5e-05}