{"search time": 1.3922043641408285e-05, "build time": 10.535595178604126, "store size": 41447917, "type": "BTree", "average error": 1.3333333333333333e-05}