{"search time": 1.3909939924875896e-05, "build time": 10.504794836044312, "store size": 41453726, "type": "BTree", "average error": 6.666666666666667e-06}