{"search time": 1.4219039916992187e-05, "build time": 17.94904899597168, "store size": 69346639, "type": "BTree", "average error": 1.8e-05}