{"search time": 1.2332181930541992e-05, "build time": 1.5127530097961426, "store size": 6741823, "type": "BTree", "average error": 2e-05}