{"search time": 1.4772043824195861e-05, "build time": 29.820985078811646, "store size": 111150594, "type": "BTree", "average error": 1.625e-05}