{"search time": 6.312498966852824e-05, "build time": 8.898343086242676, "store size": 382, "type": "NN", "average error": 0.6952766666666667}