{"search time": 0.00048700714031855264, "build time": 14.323471069335938, "store size": 17437208, "type": "NN", "average error": 1.41285}