{"search time": 6.116945346196493e-05, "build time": 8.626442909240723, "store size": 384, "type": "NN", "average error": 0.73487}