{"search time": 0.00048435544729232786, "build time": 31.787789821624756, "store size": 17437208, "type": "NN", "average error": 0.5072733333333334}