{"search time": 5.313302675882975e-05, "build time": 9.317168951034546, "store size": 860, "type": "NN", "average error": 0.54814}