{"search time": 5.442591985066732e-05, "build time": 9.499002933502197, "store size": 862, "type": "NN", "average error": 0.54189}