{"search time": 4.9407989978790286e-05, "build time": 14.769803047180176, "store size": 1346, "type": "NN", "average error": 0.5341466666666667}