{"search time": 5.6965177059173585e-05, "build time": 15.840687990188599, "store size": 1342, "type": "NN", "average error": 0.54281}