{"search time": 4.053393363952637e-05, "build time": 23.771914958953857, "store size": 1996, "type": "NN", "average error": 0.4252533333333333}