{"search time": 0.00046729128281275433, "build time": 73.67854595184326, "store size": 17437208, "type": "NN", "average error": 0.37971333333333335}