{"search time": 4.312884012858073e-05, "build time": 24.495609998703003, "store size": 1999, "type": "NN", "average error": 0.40252333333333334}