{"search time": 3.511367956797282e-05, "build time": 31.285547018051147, "store size": 2479, "type": "NN", "average error": 0.32542666666666664}