{"search time": 4.134570280710856e-05, "build time": 33.27937579154968, "store size": 2485, "type": "NN", "average error": 0.34536666666666666}