{"search time": 0.0004872800334294637, "build time": 48.48394799232483, "store size": 17437208, "type": "NN", "average error": 0.51784}